opponent,epsilon-pareto coverage,hypervolume,regret advantage
user,"(0.9161073825503355, 0.9026845637583892)","(0.5709149570486686, 0.17320342613628453)","(0.05020932003874834, 0.052513738544183786)"
llm,"(0.9161073825503355, 0.7818791946308725)","(0.5709149570486686, 0.5499472828811707)","(0.07024234389223218, 0.18466403873715842)"
linear,"(0.9161073825503355, 0.8791946308724832)","(0.5709149570486686, 0.5737076019071334)","(0.07648037930114615, 0.09350790967841813)"
